{
    "Parent Model": null,
    "accuracy": [
        0.26845765113830566
    ],
    "loss": [
        3.5233733654022217
    ],
    "val_accuracy": [
        0.7030075192451477
    ],
    "val_loss": [
        0.9639919400215149
    ]
}